Timestamp,Target,ResolvedAddress,Success,LatencyMs,ErrorType,ErrorMessage
2026-02-09T11:56:39.1628602-06:00,67.52.46.118,,True,,,""
2026-02-09T11:56:52.1239573-06:00,67.52.46.118,,True,,,""
2026-02-09T11:57:05.1215587-06:00,67.52.46.118,,True,,,""
2026-02-09T11:57:18.1184340-06:00,67.52.46.118,,True,,,""
2026-02-09T11:57:31.1108674-06:00,67.52.46.118,,True,,,""
2026-02-09T11:57:44.1200190-06:00,67.52.46.118,,True,,,""
2026-02-09T11:57:57.1236555-06:00,67.52.46.118,,True,,,""
2026-02-09T11:58:10.1237506-06:00,67.52.46.118,,True,,,""
2026-02-09T11:58:23.1190882-06:00,67.52.46.118,,True,,,""
2026-02-09T11:58:36.1198279-06:00,67.52.46.118,,True,,,""
2026-02-09T11:58:49.1230214-06:00,67.52.46.118,,True,,,""
2026-02-09T11:59:02.1101146-06:00,67.52.46.118,,True,,,""
2026-02-09T11:59:15.1065831-06:00,67.52.46.118,,True,,,""
2026-02-09T11:59:28.1050302-06:00,67.52.46.118,,True,,,""
2026-02-09T11:59:41.1074248-06:00,67.52.46.118,,True,,,""
2026-02-09T11:59:54.1212368-06:00,67.52.46.118,,True,,,""
2026-02-09T12:00:07.1197594-06:00,67.52.46.118,,True,,,""
2026-02-09T12:00:20.1132132-06:00,67.52.46.118,,True,,,""
2026-02-09T12:00:33.1220550-06:00,67.52.46.118,,True,,,""
2026-02-09T12:00:46.1223489-06:00,67.52.46.118,,True,,,""
2026-02-09T12:00:59.1224926-06:00,67.52.46.118,,True,,,""
2026-02-09T12:01:12.1079174-06:00,67.52.46.118,,True,,,""
2026-02-09T12:01:25.1228084-06:00,67.52.46.118,,True,,,""
2026-02-09T12:01:38.1249931-06:00,67.52.46.118,,True,,,""
2026-02-09T12:01:51.1126180-06:00,67.52.46.118,,True,,,""
2026-02-09T12:02:04.1066927-06:00,67.52.46.118,,True,,,""
2026-02-09T12:02:17.1222693-06:00,67.52.46.118,,True,,,""
2026-02-09T12:02:30.1219104-06:00,67.52.46.118,,True,,,""
2026-02-09T12:02:43.1188055-06:00,67.52.46.118,,True,,,""
2026-02-09T12:02:56.1185293-06:00,67.52.46.118,,True,,,""
2026-02-09T12:03:09.1254607-06:00,67.52.46.118,,True,,,""
2026-02-09T12:03:22.1249039-06:00,67.52.46.118,,True,,,""
2026-02-09T12:03:35.1261441-06:00,67.52.46.118,,True,,,""
2026-02-09T12:04:01.1196097-06:00,67.52.46.118,,True,,,""
2026-02-09T12:04:14.1155007-06:00,67.52.46.118,,True,,,""
2026-02-09T12:04:27.1076855-06:00,67.52.46.118,,True,,,""
2026-02-09T12:04:40.1203060-06:00,67.52.46.118,,True,,,""
2026-02-09T12:04:53.1099969-06:00,67.52.46.118,,True,,,""
2026-02-09T12:05:06.1177223-06:00,67.52.46.118,,True,,,""
2026-02-09T12:05:19.1246522-06:00,67.52.46.118,,True,,,""
2026-02-09T12:05:32.1169349-06:00,67.52.46.118,,True,,,""
2026-02-09T12:05:45.1323289-06:00,67.52.46.118,,True,,,""
2026-02-09T12:05:58.1203973-06:00,67.52.46.118,,True,,,""
2026-02-09T12:06:11.1083063-06:00,67.52.46.118,,True,,,""
2026-02-09T12:06:24.1048543-06:00,67.52.46.118,,True,,,""
2026-02-09T12:06:37.1061492-06:00,67.52.46.118,,True,,,""
2026-02-09T12:06:50.1239164-06:00,67.52.46.118,,True,,,""
2026-02-09T12:07:03.1213455-06:00,67.52.46.118,,True,,,""
2026-02-09T12:07:16.1107117-06:00,67.52.46.118,,True,,,""
2026-02-09T12:07:29.1226222-06:00,67.52.46.118,,True,,,""
2026-02-09T12:07:42.1028877-06:00,67.52.46.118,,True,,,""
2026-02-09T12:07:55.1213021-06:00,67.52.46.118,,True,,,""
2026-02-09T12:08:08.1196767-06:00,67.52.46.118,,True,,,""
2026-02-09T12:08:21.1044838-06:00,67.52.46.118,,True,,,""
2026-02-09T12:08:34.1062019-06:00,67.52.46.118,,True,,,""
2026-02-09T12:08:47.1201013-06:00,67.52.46.118,,True,,,""
2026-02-09T12:09:00.1203124-06:00,67.52.46.118,,True,,,""
2026-02-09T12:09:13.1054930-06:00,67.52.46.118,,True,,,""
2026-02-09T12:09:26.1146633-06:00,67.52.46.118,,True,,,""
2026-02-09T12:09:39.1200137-06:00,67.52.46.118,,True,,,""
2026-02-09T12:09:52.1241358-06:00,67.52.46.118,,True,,,""
2026-02-09T12:10:05.1088460-06:00,67.52.46.118,,True,,,""
2026-02-09T12:10:18.1262292-06:00,67.52.46.118,,True,,,""
2026-02-09T12:10:31.1095110-06:00,67.52.46.118,,True,,,""
2026-02-09T12:10:44.1250904-06:00,67.52.46.118,,True,,,""
2026-02-09T12:10:57.1039386-06:00,67.52.46.118,,True,,,""
2026-02-09T12:11:10.1068432-06:00,67.52.46.118,,True,,,""
2026-02-09T12:11:23.1069086-06:00,67.52.46.118,,True,,,""
2026-02-09T12:11:36.1128388-06:00,67.52.46.118,,True,,,""
2026-02-09T12:11:49.1307375-06:00,67.52.46.118,,True,,,""
2026-02-09T12:12:02.1179709-06:00,67.52.46.118,,True,,,""
2026-02-09T12:12:15.1117262-06:00,67.52.46.118,,True,,,""
2026-02-09T12:12:28.1162500-06:00,67.52.46.118,,True,,,""
2026-02-09T12:12:41.1193301-06:00,67.52.46.118,,True,,,""
2026-02-09T12:12:54.1183211-06:00,67.52.46.118,,True,,,""
2026-02-09T12:13:07.1190449-06:00,67.52.46.118,,True,,,""
2026-02-09T12:13:20.1083491-06:00,67.52.46.118,,True,,,""
2026-02-09T12:13:33.1119201-06:00,67.52.46.118,,True,,,""
2026-02-09T12:13:46.1170433-06:00,67.52.46.118,,True,,,""
2026-02-09T12:13:59.1270333-06:00,67.52.46.118,,True,,,""
2026-02-09T12:14:12.1241634-06:00,67.52.46.118,,True,,,""
2026-02-09T12:14:25.1051495-06:00,67.52.46.118,,True,,,""
2026-02-09T12:14:38.1284289-06:00,67.52.46.118,,True,,,""
2026-02-09T12:14:51.1193125-06:00,67.52.46.118,,True,,,""
2026-02-09T12:15:04.1191623-06:00,67.52.46.118,,True,,,""
2026-02-09T12:15:17.1180763-06:00,67.52.46.118,,True,,,""
2026-02-09T12:15:30.1183729-06:00,67.52.46.118,,True,,,""
2026-02-09T12:15:43.1084972-06:00,67.52.46.118,,True,,,""
2026-02-09T12:15:56.1176541-06:00,67.52.46.118,,True,,,""
2026-02-09T12:16:09.1171935-06:00,67.52.46.118,,True,,,""
2026-02-09T12:16:22.1189105-06:00,67.52.46.118,,True,,,""
2026-02-09T12:16:35.1162200-06:00,67.52.46.118,,True,,,""
2026-02-09T12:16:48.1263968-06:00,67.52.46.118,,True,,,""
2026-02-09T12:17:01.1251189-06:00,67.52.46.118,,True,,,""
2026-02-09T12:17:14.1161472-06:00,67.52.46.118,,True,,,""
2026-02-09T12:17:27.1305142-06:00,67.52.46.118,,True,,,""
2026-02-09T12:17:40.1119286-06:00,67.52.46.118,,True,,,""
2026-02-09T12:17:53.1172522-06:00,67.52.46.118,,True,,,""
2026-02-09T12:18:06.1121317-06:00,67.52.46.118,,True,,,""
2026-02-09T12:18:19.1248277-06:00,67.52.46.118,,True,,,""
2026-02-09T12:18:32.1257809-06:00,67.52.46.118,,True,,,""
2026-02-09T12:18:45.1183134-06:00,67.52.46.118,,True,,,""
2026-02-09T12:18:58.1282990-06:00,67.52.46.118,,True,,,""
2026-02-09T12:19:11.1166969-06:00,67.52.46.118,,True,,,""
2026-02-09T12:19:24.1273523-06:00,67.52.46.118,,True,,,""
2026-02-09T12:19:37.1084252-06:00,67.52.46.118,,True,,,""
2026-02-09T12:19:50.1177142-06:00,67.52.46.118,,True,,,""
2026-02-09T12:20:03.1296506-06:00,67.52.46.118,,True,,,""
2026-02-09T12:20:16.1147362-06:00,67.52.46.118,,True,,,""
2026-02-09T12:20:29.1170591-06:00,67.52.46.118,,True,,,""
2026-02-09T12:20:42.1043956-06:00,67.52.46.118,,True,,,""
2026-02-09T12:20:55.1169095-06:00,67.52.46.118,,True,,,""
2026-02-09T12:21:08.1159521-06:00,67.52.46.118,,True,,,""
2026-02-09T12:21:21.1143534-06:00,67.52.46.118,,True,,,""
2026-02-09T12:21:34.1279351-06:00,67.52.46.118,,True,,,""
2026-02-09T12:21:47.1194450-06:00,67.52.46.118,,True,,,""
2026-02-09T12:22:00.1125552-06:00,67.52.46.118,,True,,,""
2026-02-09T12:22:13.1163558-06:00,67.52.46.118,,True,,,""
2026-02-09T12:22:26.1307436-06:00,67.52.46.118,,True,,,""
2026-02-09T12:22:39.1222027-06:00,67.52.46.118,,True,,,""
2026-02-09T12:22:52.1096789-06:00,67.52.46.118,,True,,,""
2026-02-09T12:23:05.1124454-06:00,67.52.46.118,,True,,,""
2026-02-09T12:23:18.1169617-06:00,67.52.46.118,,True,,,""
2026-02-09T12:23:31.1221175-06:00,67.52.46.118,,True,,,""
2026-02-09T12:23:44.1146874-06:00,67.52.46.118,,True,,,""
2026-02-09T12:23:57.1219468-06:00,67.52.46.118,,True,,,""
2026-02-09T12:24:10.1125635-06:00,67.52.46.118,,True,,,""
2026-02-09T12:24:23.1150836-06:00,67.52.46.118,,True,,,""
2026-02-09T12:24:36.1184500-06:00,67.52.46.118,,True,,,""
2026-02-09T12:24:49.1159991-06:00,67.52.46.118,,True,,,""
2026-02-09T12:25:02.1145168-06:00,67.52.46.118,,True,,,""
2026-02-09T12:25:15.1148913-06:00,67.52.46.118,,True,,,""
2026-02-09T12:25:28.1117820-06:00,67.52.46.118,,True,,,""
2026-02-09T12:25:41.1330532-06:00,67.52.46.118,,True,,,""
2026-02-09T12:25:54.1189976-06:00,67.52.46.118,,True,,,""
2026-02-09T12:26:07.1207215-06:00,67.52.46.118,,True,,,""
2026-02-09T12:26:20.1153566-06:00,67.52.46.118,,True,,,""
2026-02-09T12:26:33.1190625-06:00,67.52.46.118,,True,,,""
2026-02-09T12:26:46.1273864-06:00,67.52.46.118,,True,,,""
2026-02-09T12:26:59.1166726-06:00,67.52.46.118,,True,,,""
2026-02-09T12:27:12.1181788-06:00,67.52.46.118,,True,,,""
2026-02-09T12:27:25.1143876-06:00,67.52.46.118,,True,,,""
2026-02-09T12:27:38.1181633-06:00,67.52.46.118,,True,,,""
2026-02-09T12:27:51.1089663-06:00,67.52.46.118,,True,,,""
2026-02-09T12:28:04.1129979-06:00,67.52.46.118,,True,,,""
2026-02-09T12:28:17.1214293-06:00,67.52.46.118,,True,,,""
2026-02-09T12:28:30.1100577-06:00,67.52.46.118,,True,,,""
2026-02-09T12:28:43.1153413-06:00,67.52.46.118,,True,,,""
2026-02-09T12:28:56.1208599-06:00,67.52.46.118,,True,,,""
2026-02-09T12:29:09.1242347-06:00,67.52.46.118,,True,,,""
2026-02-09T12:29:22.1195583-06:00,67.52.46.118,,True,,,""
2026-02-09T12:29:35.1275121-06:00,67.52.46.118,,True,,,""
2026-02-09T12:29:48.1201923-06:00,67.52.46.118,,True,,,""
2026-02-09T12:30:01.1087458-06:00,67.52.46.118,,True,,,""
2026-02-09T12:30:14.1165804-06:00,67.52.46.118,,True,,,""
2026-02-09T12:30:27.1178482-06:00,67.52.46.118,,True,,,""
2026-02-09T12:30:40.1185775-06:00,67.52.46.118,,True,,,""
2026-02-09T12:30:53.1187201-06:00,67.52.46.118,,True,,,""
2026-02-09T12:31:06.1200393-06:00,67.52.46.118,,True,,,""
2026-02-09T12:31:19.1142677-06:00,67.52.46.118,,True,,,""
2026-02-09T12:31:32.1195689-06:00,67.52.46.118,,True,,,""
2026-02-09T12:31:45.1216068-06:00,67.52.46.118,,True,,,""
2026-02-09T12:31:58.1130540-06:00,67.52.46.118,,True,,,""
2026-02-09T12:32:11.1219764-06:00,67.52.46.118,,True,,,""
2026-02-09T12:32:24.1164610-06:00,67.52.46.118,,True,,,""
2026-02-09T12:32:37.1231409-06:00,67.52.46.118,,True,,,""
2026-02-09T12:32:50.1128979-06:00,67.52.46.118,,True,,,""
2026-02-09T12:33:03.1286222-06:00,67.52.46.118,,True,,,""
2026-02-09T12:33:16.1190961-06:00,67.52.46.118,,True,,,""
2026-02-09T12:33:29.1204430-06:00,67.52.46.118,,True,,,""
2026-02-09T12:33:42.1260551-06:00,67.52.46.118,,True,,,""
2026-02-09T12:33:55.1215302-06:00,67.52.46.118,,True,,,""
2026-02-09T12:34:08.1196276-06:00,67.52.46.118,,True,,,""
2026-02-09T12:34:21.1237721-06:00,67.52.46.118,,True,,,""
2026-02-09T12:34:34.1247168-06:00,67.52.46.118,,True,,,""
2026-02-09T12:34:47.1209045-06:00,67.52.46.118,,True,,,""
2026-02-09T12:35:00.1219104-06:00,67.52.46.118,,True,,,""
2026-02-09T12:35:13.1307578-06:00,67.52.46.118,,True,,,""
2026-02-09T12:35:26.1189137-06:00,67.52.46.118,,True,,,""
2026-02-09T12:35:39.1211200-06:00,67.52.46.118,,True,,,""
2026-02-09T12:35:52.1306207-06:00,67.52.46.118,,True,,,""
2026-02-09T12:36:05.1319184-06:00,67.52.46.118,,True,,,""
2026-02-09T12:36:18.1268181-06:00,67.52.46.118,,True,,,""
2026-02-09T12:36:31.1183098-06:00,67.52.46.118,,True,,,""
2026-02-09T12:36:44.1234969-06:00,67.52.46.118,,True,,,""
2026-02-09T12:36:57.1260332-06:00,67.52.46.118,,True,,,""
2026-02-09T12:37:10.1245121-06:00,67.52.46.118,,True,,,""
2026-02-09T12:37:23.1410902-06:00,67.52.46.118,,True,,,""
2026-02-09T12:37:36.1310586-06:00,67.52.46.118,,True,,,""
2026-02-09T12:37:49.1295926-06:00,67.52.46.118,,True,,,""
2026-02-09T12:38:02.1210780-06:00,67.52.46.118,,True,,,""
2026-02-09T12:38:15.1222253-06:00,67.52.46.118,,True,,,""
2026-02-09T12:38:28.1273369-06:00,67.52.46.118,,True,,,""
2026-02-09T12:38:41.1331336-06:00,67.52.46.118,,True,,,""
2026-02-09T12:38:54.1345115-06:00,67.52.46.118,,True,,,""
2026-02-09T12:39:07.1194319-06:00,67.52.46.118,,True,,,""
2026-02-09T12:39:20.1303389-06:00,67.52.46.118,,True,,,""
2026-02-09T12:39:33.1274417-06:00,67.52.46.118,,True,,,""
2026-02-09T12:39:46.1146100-06:00,67.52.46.118,,True,,,""
2026-02-09T12:39:59.1283393-06:00,67.52.46.118,,True,,,""
2026-02-09T12:40:12.1232404-06:00,67.52.46.118,,True,,,""
2026-02-09T12:40:25.1308928-06:00,67.52.46.118,,True,,,""
2026-02-09T12:40:38.1202468-06:00,67.52.46.118,,True,,,""
2026-02-09T12:40:51.1309431-06:00,67.52.46.118,,True,,,""
2026-02-09T12:41:04.1249091-06:00,67.52.46.118,,True,,,""
2026-02-09T12:41:17.1207212-06:00,67.52.46.118,,True,,,""
2026-02-09T12:41:30.1120729-06:00,67.52.46.118,,True,,,""
2026-02-09T12:41:43.1295174-06:00,67.52.46.118,,True,,,""
2026-02-09T12:41:56.1290606-06:00,67.52.46.118,,True,,,""
2026-02-09T12:42:09.1270710-06:00,67.52.46.118,,True,,,""
2026-02-09T12:42:22.1161613-06:00,67.52.46.118,,True,,,""
2026-02-09T12:42:35.1203999-06:00,67.52.46.118,,True,,,""
2026-02-09T12:42:48.1139023-06:00,67.52.46.118,,True,,,""
2026-02-09T12:43:01.1211243-06:00,67.52.46.118,,True,,,""
2026-02-09T12:43:14.1250800-06:00,67.52.46.118,,True,,,""
2026-02-09T12:43:27.1172398-06:00,67.52.46.118,,True,,,""
2026-02-09T12:43:40.1192190-06:00,67.52.46.118,,True,,,""
2026-02-09T12:43:53.1385853-06:00,67.52.46.118,,True,,,""
2026-02-09T12:44:06.1290082-06:00,67.52.46.118,,True,,,""
2026-02-09T12:44:19.1359137-06:00,67.52.46.118,,True,,,""
2026-02-09T12:44:32.1345385-06:00,67.52.46.118,,True,,,""
2026-02-09T12:44:45.1306377-06:00,67.52.46.118,,True,,,""
2026-02-09T12:44:58.1273275-06:00,67.52.46.118,,True,,,""
2026-02-09T12:45:11.1305357-06:00,67.52.46.118,,True,,,""
2026-02-09T12:45:24.1269424-06:00,67.52.46.118,,True,,,""
2026-02-09T12:45:37.1197333-06:00,67.52.46.118,,True,,,""
2026-02-09T12:45:50.1213109-06:00,67.52.46.118,,True,,,""
2026-02-09T12:46:03.1223045-06:00,67.52.46.118,,True,,,""
2026-02-09T12:46:16.1204203-06:00,67.52.46.118,,True,,,""
2026-02-09T12:46:29.1335481-06:00,67.52.46.118,,True,,,""
2026-02-09T12:46:42.1154082-06:00,67.52.46.118,,True,,,""
2026-02-09T12:46:55.1287062-06:00,67.52.46.118,,True,,,""
2026-02-09T12:47:08.1215008-06:00,67.52.46.118,,True,,,""
2026-02-09T12:47:21.1301334-06:00,67.52.46.118,,True,,,""
2026-02-09T12:47:34.1230895-06:00,67.52.46.118,,True,,,""
2026-02-09T12:47:47.1255669-06:00,67.52.46.118,,True,,,""
2026-02-09T12:48:00.1346056-06:00,67.52.46.118,,True,,,""
2026-02-09T12:48:13.1258169-06:00,67.52.46.118,,True,,,""
2026-02-09T12:48:26.1158643-06:00,67.52.46.118,,True,,,""
2026-02-09T12:48:39.1257612-06:00,67.52.46.118,,True,,,""
2026-02-09T12:48:52.1237676-06:00,67.52.46.118,,True,,,""
2026-02-09T12:49:05.1171593-06:00,67.52.46.118,,True,,,""
2026-02-09T12:49:18.1405909-06:00,67.52.46.118,,True,,,""
2026-02-09T12:49:31.1311694-06:00,67.52.46.118,,True,,,""
2026-02-09T12:49:44.1269283-06:00,67.52.46.118,,True,,,""
2026-02-09T12:49:57.1245151-06:00,67.52.46.118,,True,,,""
2026-02-09T12:50:10.1242946-06:00,67.52.46.118,,True,,,""
2026-02-09T12:50:23.1259315-06:00,67.52.46.118,,True,,,""
2026-02-09T12:50:36.1309743-06:00,67.52.46.118,,True,,,""
2026-02-09T12:50:49.1204784-06:00,67.52.46.118,,True,,,""
2026-02-09T12:51:02.1270291-06:00,67.52.46.118,,True,,,""
2026-02-09T12:51:15.1242138-06:00,67.52.46.118,,True,,,""
2026-02-09T12:51:28.1343019-06:00,67.52.46.118,,True,,,""
2026-02-09T12:51:41.1245830-06:00,67.52.46.118,,True,,,""
2026-02-09T12:51:54.1192815-06:00,67.52.46.118,,True,,,""
2026-02-09T12:52:07.1310799-06:00,67.52.46.118,,True,,,""
2026-02-09T12:52:20.1379786-06:00,67.52.46.118,,True,,,""
2026-02-09T12:52:33.1249651-06:00,67.52.46.118,,True,,,""
2026-02-09T12:52:46.1330108-06:00,67.52.46.118,,True,,,""
2026-02-09T12:52:59.1383508-06:00,67.52.46.118,,True,,,""
2026-02-09T12:53:12.1312967-06:00,67.52.46.118,,True,,,""
2026-02-09T12:53:25.1233039-06:00,67.52.46.118,,True,,,""
2026-02-09T12:53:38.1159491-06:00,67.52.46.118,,True,,,""
2026-02-09T12:53:51.1403727-06:00,67.52.46.118,,True,,,""
2026-02-09T12:54:04.1315291-06:00,67.52.46.118,,True,,,""
2026-02-09T12:54:17.1254130-06:00,67.52.46.118,,True,,,""
2026-02-09T12:54:30.1308624-06:00,67.52.46.118,,True,,,""
2026-02-09T12:54:43.1290154-06:00,67.52.46.118,,True,,,""
2026-02-09T12:54:56.1343343-06:00,67.52.46.118,,True,,,""
2026-02-09T12:55:09.1272426-06:00,67.52.46.118,,True,,,""
2026-02-09T12:55:22.1162241-06:00,67.52.46.118,,True,,,""
2026-02-09T12:55:35.1421595-06:00,67.52.46.118,,True,,,""
2026-02-09T12:55:48.1352898-06:00,67.52.46.118,,True,,,""
2026-02-09T12:56:01.1254377-06:00,67.52.46.118,,True,,,""
2026-02-09T12:56:14.1292585-06:00,67.52.46.118,,True,,,""
2026-02-09T12:56:27.1255037-06:00,67.52.46.118,,True,,,""
2026-02-09T12:56:40.1428346-06:00,67.52.46.118,,True,,,""
2026-02-09T12:56:53.1258993-06:00,67.52.46.118,,True,,,""
2026-02-09T12:57:06.1267709-06:00,67.52.46.118,,True,,,""
2026-02-09T12:57:19.1230347-06:00,67.52.46.118,,True,,,""
2026-02-09T12:57:32.1314968-06:00,67.52.46.118,,True,,,""
2026-02-09T12:57:45.1354286-06:00,67.52.46.118,,True,,,""
2026-02-09T12:57:58.1322777-06:00,67.52.46.118,,True,,,""
2026-02-09T12:58:11.1276844-06:00,67.52.46.118,,True,,,""
2026-02-09T12:58:24.1355934-06:00,67.52.46.118,,True,,,""
2026-02-09T12:58:37.1169917-06:00,67.52.46.118,,True,,,""
2026-02-09T12:58:50.1454737-06:00,67.52.46.118,,True,,,""
2026-02-09T12:59:03.1267206-06:00,67.52.46.118,,True,,,""
2026-02-09T12:59:16.1357512-06:00,67.52.46.118,,True,,,""
2026-02-09T12:59:29.1276162-06:00,67.52.46.118,,True,,,""
2026-02-09T12:59:42.1335521-06:00,67.52.46.118,,True,,,""
2026-02-09T12:59:55.1258481-06:00,67.52.46.118,,True,,,""
2026-02-09T13:00:08.1275834-06:00,67.52.46.118,,True,,,""
2026-02-09T13:00:21.1408092-06:00,67.52.46.118,,True,,,""
2026-02-09T13:00:34.1277101-06:00,67.52.46.118,,True,,,""
2026-02-09T13:00:47.1245140-06:00,67.52.46.118,,True,,,""
2026-02-09T13:01:00.1305785-06:00,67.52.46.118,,True,,,""
2026-02-09T13:01:13.1270844-06:00,67.52.46.118,,True,,,""
2026-02-09T13:01:26.1343220-06:00,67.52.46.118,,True,,,""
2026-02-09T13:01:39.1298404-06:00,67.52.46.118,,True,,,""
2026-02-09T13:01:52.1240958-06:00,67.52.46.118,,True,,,""
